{"train/steps_per_sec": 0.07639062253162801, "_timestamp": 1670855297.0810518, "train/loss": 0.3888697028160095, "_runtime": 272.19454073905945, "_step": 20}