{"train/steps_per_sec": 0.11936819370020034, "_timestamp": 1670855313.275327, "train/loss": 0.39677271246910095, "_runtime": 288.3888158798218, "_step": 22}