{"train/steps_per_sec": 0.054317275571473415, "_timestamp": 1670853921.193675, "_runtime": 19.822011947631836, "_step": 1, "_wandb": {"runtime": 34}}