{"train/steps_per_sec": 0.050588263087904546, "_timestamp": 1670854176.258519, "train/loss": 0.47606605291366577, "_runtime": 84.93129181861877, "_step": 5}